nom,rouge,vert,bleu,evaluation
Holoubkov,83,177,128,2.14
Al Jabīn,243,66,29,4.11
Vatutine,78,242,149,4.56
Velasco Ibarra,150,38,184,3.55
Kigali,54,16,228,3.61
Orita Eruwa,210,152,104,4.98
Minggang,75,62,88,1.96
Shangrao,127,193,30,3.4
Tapes,159,235,92,1.54
Sogati,217,180,186,1.54
Ikryanoye,250,171,121,4.89
Zhongzi,168,185,57,1.8
Santa Adélia,208,42,10,0.4
Moreno,223,15,142,4.01
Jinghai,155,86,47,2.98
Gibato,173,159,254,3.81
Nueva Arica,96,187,47,4.54
Maebaru,134,51,172,2.89
Lubenia,168,138,194,1.48
Bloemfontein,220,1,91,3.94
Intibucá,47,195,183,1.89
Kongolo,157,57,230,3.59
Jinlong,208,216,196,1.52
Jiangchuan,174,187,128,3.34
Lapachito,228,46,115,2.01
Jiangyan,213,146,243,2.89
Kosava,112,135,211,0.11
Warri,24,19,41,2.75
Shōbara,6,145,59,1.27
Cirompang,133,82,182,1.08
Kharagauli,37,56,43,2.05
Neuquén,109,16,42,0.53
Pyhäranta,40,148,41,3.27
Kayakent,149,159,228,1.46
Saint-Jérôme,175,72,42,0.04
Varybóbi,156,121,227,4.4
Lestijärvi,221,107,62,1.63
Cabreúva,14,226,51,4.52
Galyugayevskaya,201,33,165,1.02
Kralice na Hané,126,83,126,3.75
Tsenher,184,113,99,2.77
Monroe,117,212,237,2.13
Canmore,160,102,14,4.98
Gaibei,146,121,61,0.24
Joroan,206,103,52,1.52
Ciracap,173,31,187,4.79
Sokobanteng,194,190,209,2.08
Wuning,185,97,203,4.62
Trá Mhór,77,81,34,1.98
Trnovlje pri Celju,44,232,108,0.05
Guli,105,28,172,2.41
Salawu,205,12,94,0.98
Ratenggoji,52,222,62,4.42
Vimmerby,137,1,86,2.7
Sosnovoborsk,227,62,42,3.21
Brodósqui,1,81,6,1.56
Ventsy,241,17,176,0.55
Magay,36,130,118,1.34
Tournai,123,235,141,3.35
Kinamayan,40,182,137,2.0
Sarāqib,24,167,77,0.99
Höganäs,92,90,246,0.03
Las Toscas,36,144,109,1.3
Dhali,145,39,91,1.78
Matsue-shi,46,38,40,3.5
Cahuanuyo,8,129,19,2.51
Binangun,62,202,213,0.69
Gapan,184,47,218,2.58
Kabīrwāla,234,28,150,0.55
Yungay,209,142,60,1.0
Jerusalem,228,74,139,0.26
Poxi,163,222,122,0.58
Kasoa,43,180,66,1.88
Yangpu,80,20,9,3.49
Campo Maior,71,3,29,0.81
Middelburg,130,55,71,1.71
Karara,69,45,151,4.13
Cipadung,222,58,70,1.87
Turku,243,122,149,2.87
Bulacnin,166,90,121,3.24
Namalenga,243,82,145,2.38
Göteborg,185,221,95,3.54
Tsagaanders,115,181,163,4.02
Badajoz,145,202,110,1.14
Vientiane,97,107,200,4.75
Zürich,181,67,212,3.68
Zavolzh’ye,49,254,157,1.17
Bishkek,195,194,199,2.45
Niquero,27,122,63,2.61
Wahai,15,62,48,3.22
Kájov,224,43,37,0.39
Cachoeirinha,64,234,50,1.63
Devon,254,165,83,3.28
Kongjiang,157,48,247,2.06
Klau,73,139,211,3.59
Zharkent,247,86,214,0.15
Kaka,55,121,207,4.88
Chernyshkovskiy,194,220,192,4.08
Karang Daye,9,165,241,4.96
Banī Khaddāsh,70,38,201,4.21
Kendung Timur,168,129,253,0.4
Bila Tserkva,34,252,137,4.01
Haurpanggung,68,68,151,2.1
Maroanging,42,226,115,1.86
Kodra,77,227,194,1.01
Novi Sad,215,109,121,1.97
Grand Rapids,251,226,206,1.67
Bugana,62,26,60,1.05
Santo Tomas,202,96,167,1.0
Plavsk,106,234,22,0.33
Porsgrunn,110,172,54,2.97
Marseille,220,222,75,1.86
Vienne,80,227,223,3.68
Padilla,177,197,194,0.05
Tuluá,30,79,52,0.73
Al Maţarīyah,212,166,37,4.02
Kirovskaya,198,179,52,3.99
Padre Burgos,228,140,211,2.2
Xigebi,143,169,241,2.73
Thị Trấn Mù Cang Chải,201,29,177,0.17
Guizi,116,49,143,0.83
Malausma Kidul,130,221,174,3.05
Sanming,121,145,97,3.95
Watari,69,192,231,0.24
Urshel’skiy,46,251,250,1.93
Bảo Lộc,67,249,132,3.53
Pasvalys,206,228,3,4.0
Uji,26,68,161,3.16
Tilik,213,56,39,0.39
Ar Riqāmā,139,240,218,1.42
Juntas,207,185,152,2.73
Hrvatska Kostajnica,11,206,226,3.87
Sasar,37,118,121,1.67
Mérignac,189,109,47,4.87
Laban,193,76,61,3.92
Perjuangan,105,102,178,1.98
Mukun,249,98,182,3.96
Watuagung,117,253,232,4.88
Icó,203,119,110,3.36
Pondaguitan,167,191,31,0.85
Zhonghe,233,26,92,4.76
Xiaoshi,146,24,215,0.72
Cheongju-si,188,108,134,3.83
Domašinec,98,105,202,3.06
Jalanbaru,96,253,175,0.96
Kryry,111,208,138,3.52
Berezanka,72,6,55,4.21
Cikawunggading,239,69,129,1.39
Laau,254,104,164,0.08
Miān Channūn,54,31,163,4.94
Orahovac,207,183,56,1.95
Xiangdong,57,10,167,0.41
Coté-Lai,139,252,114,1.4
Göteborg,119,64,108,0.52
Wilkowice,117,211,16,3.06
Atlanta,95,137,182,1.23
Mapiripán,223,225,124,4.36
Youzai,168,17,30,4.79
Lawa-an,200,243,45,0.17
Kwidzyn,200,250,12,2.38
União,108,85,33,3.13
Pancheng,202,82,44,4.36
Sacsamarca,80,40,178,4.21
Paojan,203,180,162,2.94
Lubuagan,170,92,146,0.93
Saint Paul,80,144,138,0.47
Kingston,253,52,99,3.48
La Banda,129,233,46,3.0
Damayan,114,246,99,3.94
Jianfeng,44,93,170,0.97
Dangcalan,200,219,66,1.18
Daphu,26,253,204,4.96
Qiewa,148,156,112,0.13
Klenovyy,181,105,197,4.83
Envigado,226,68,38,3.08
Troitsk,235,229,80,4.81
Buenavista,66,242,236,3.34
Bahe,37,254,220,4.14
Boñgalon,123,234,158,4.34
Beaumont,227,173,76,3.96
Luna,60,124,210,1.8
Kislyakovskaya,91,13,34,3.02
Tengrela,41,5,194,3.99
Fundão,135,15,21,3.79
Shuinan,126,117,251,1.12
Narathiwat,53,89,84,2.27
Fenglai,133,224,104,3.24
Ikedachō,56,58,72,1.76
Dachang,69,49,66,2.59
Tianchi,114,10,75,3.56
Pulo,22,92,18,0.57
Stepanovićevo,179,250,17,3.18
Taclobo,10,240,248,0.32
Fojo,186,95,38,4.14
Ārifwāla,125,92,144,0.04
Pagangan,3,65,156,1.58
Fusagasuga,248,246,192,3.88
Longqiao,175,230,197,1.73
Yemva,28,93,146,4.95
Shāhīn Dezh,239,196,60,0.1
Paris 14,48,220,37,0.76
Granadero Baigorria,133,36,18,4.28
Balīlā,235,95,250,1.84
Sv. Ana v Slov. Goricah,125,57,166,4.36
Pančevo,127,56,151,1.08
Yaxi,226,226,149,0.84
Trail,161,227,159,3.0
Guaduas,223,90,58,1.37
Budapest,35,53,31,2.1
Nasīrābād,42,158,11,1.99
Paris 04,45,33,97,3.42
Partille,38,154,141,3.99
Västervik,250,65,2,4.3
Jakšić,54,243,174,2.56
Jiaoziya,77,173,234,3.99
Bayanbulag,56,165,155,4.98
União,107,182,254,1.59
Al Manşūrah,50,50,164,0.32
Lipnik,213,91,200,1.08
Donnacona,10,106,153,3.95
Krajan Puger Wetan,174,245,243,1.75
Jiangkou,236,196,115,0.7
Roza,231,32,183,4.75
Tsul-Ulaan,132,143,166,0.27
Jambeyan,21,174,61,1.58
Hornówek,7,234,30,2.68
Half Way Tree,150,115,47,3.34
Donomulyo,151,176,105,4.88
Gaobeijie,210,140,17,1.66
Drawno,178,218,106,1.32
Bronnitsy,46,184,199,4.72
Najd al Jumā‘ī,114,212,195,2.02
Huangtu,176,93,173,1.89
Agía Foteiní,110,135,23,3.06
Shanxia,7,49,31,0.54
Bagneux,91,227,111,4.73
Longmen,128,30,95,0.76
Mirosławiec,124,59,61,2.54
Chengnan,211,53,31,2.95
Áno Sýros,82,194,35,4.86
Lindong,230,85,145,3.39
Xinji,81,135,151,1.6
Tanjungkerta,113,7,9,4.25
Plaški,5,209,96,0.97
Xiwu,151,85,234,4.2
Vřesina,92,250,56,1.51
Pinggang,119,161,205,0.19
Tafeng,251,50,193,4.45
Bagalangit,123,137,225,1.39
Kolkhozobod,54,231,113,1.38
Barra dos Coqueiros,57,54,106,2.87
Kauhava,146,113,9,3.78
Barreiro,7,53,124,2.38
Veliko Tŭrnovo,17,198,243,1.07
Nangabere,216,23,11,3.87
El Pino,183,118,56,3.25
Kalemie,11,223,246,4.53
Duofudu,3,43,211,2.01
Seka,253,96,61,4.48
Torre,19,84,89,1.62
Chengbei,99,95,38,4.88
Chaloem Phra Kiat,79,59,44,0.72
Pinghu,34,194,97,4.55
Povorino,201,181,58,1.5
Miskolc,138,230,233,0.42
Canavieiras,49,221,210,3.41
Kil’mez’,201,36,62,3.03
Sananduva,108,57,2,3.27
Cabak Satu,129,235,75,3.09
Aţ Ţaybah,83,138,86,3.02
Harstad,32,108,192,2.11
Dugongan,37,230,6,1.79
Andalucía,90,143,178,2.46
Krajan Karanganyar,88,144,48,2.65
Zhongxing,232,114,116,2.46
Zaandam,120,190,70,4.83
Hevlín,2,115,238,3.86
Zbąszyń,39,186,134,0.7
Sarreguemines,191,12,52,0.32
Gýtheio,247,176,80,2.29
Aného,34,169,110,0.8
Esquipulas,102,225,2,1.38
Illushi,197,226,10,2.05
Kangmei,183,165,19,1.9
Nyapar,106,190,168,2.19
Demyansk,131,230,38,0.29
Praya,143,186,245,1.46
Chotcza,88,53,5,0.48
Killorglin,146,66,102,1.87
Francisco Villa,178,54,186,4.03
Sebedo,83,35,100,3.51
Loučovice,121,65,248,1.66
Igaraçu do Tietê,201,253,68,4.32
Sumberkenanga,125,158,141,4.91
Even Yehuda,118,74,83,4.61
Chenfangji,238,224,165,0.6
Vinež,81,105,232,1.99
Muyaka,110,225,91,1.11
Angadanan,15,221,80,1.44
Rio Preto da Eva,25,110,250,4.85
Kendung Timur,149,93,88,3.44
Rios Frios,33,28,194,1.98
Mhango,254,249,58,4.29
Morawica,207,240,176,1.09
Karengan,51,157,10,2.7
Tangwang,57,242,236,4.69
Yambio,170,137,219,4.54
Tangzhuang,89,43,115,1.52
Basseterre,137,63,228,1.99
Lota,103,115,130,0.96
Rancasadang,211,158,67,4.89
Banjar Dauhmargi,3,12,124,0.86
Šalovci,28,70,133,3.11
Izyaslav,254,5,176,3.55
Zaandam,193,87,113,2.09
Caldono,225,104,198,1.51
Iradan,223,202,236,4.66
Massy,126,29,169,2.01
Khudoyelanskoye,76,57,171,3.16
Zhangjiapan,239,48,220,2.35
Narutō,202,203,127,4.71
Pittsburgh,186,119,58,2.04
Francisco Villa,30,86,63,1.72
Pombal,83,46,214,4.41
Xinjie,40,146,75,0.65
Jinzipai,241,208,127,4.3
Tyukalinsk,239,13,245,1.45
Nueva Gerona,104,72,163,0.76
Lomme,69,171,83,0.89
Saint Louis,185,82,227,2.95
Maredakalada,150,13,159,4.65
Bourges,120,100,68,4.82
Fuzihe,135,35,230,1.34
Tuateta,81,216,226,0.28
Pili,243,215,67,4.55
Smiltene,73,162,121,1.52
Cihurip Satu,88,122,14,2.48
Ulricehamn,209,224,130,1.37
Bangued,16,8,219,1.64
Nowa Sól,201,70,98,1.19
København,122,243,225,4.56
São José do Rio Preto,45,42,57,1.04
Salgado,186,82,97,4.95
Ajman,163,108,218,0.11
Al Hilāliyya,177,239,86,2.88
Phra Phutthabat,62,73,216,0.03
Mantingantengah,203,121,24,2.27
Minbu,192,242,191,1.95
Gangdong,9,216,41,2.74
Dagkar,190,44,167,1.12
Pimian,188,50,210,1.72
Cihaladan,171,145,13,2.18
Kojagete,73,139,21,3.72
Urcos,191,115,111,3.89
Diadema,230,39,68,4.38
Fenoarivo Atsinanana,35,254,179,0.94
Macun,148,212,57,3.5
Laidian,75,51,176,3.71
Aserrío de Gariché,63,46,12,2.71
Kcynia,246,112,160,2.32
Banjar Jambe Baleran,145,188,178,1.89
Paratunka,64,165,23,2.28
Ccatca,74,182,50,1.97
Hanji,164,244,249,2.6
Iwkowa,191,21,24,2.91
Łagów,24,196,236,2.69
Baroy,140,206,99,4.36
Aksu,17,48,73,2.87
Salvaleón de Higüey,72,74,53,4.93
Golek,195,201,121,3.59
Brooklyn,9,239,198,2.1
Sandefjord,28,116,143,1.79
Chengbei,210,134,103,0.66
Laxiong,133,113,229,2.2
Kafr Dān,76,186,65,1.49
Candon,229,10,170,4.3
São Luís do Quitunde,232,168,63,4.12
Kuragaki-kosugi,209,244,217,3.5
Hohoe,46,122,84,1.23
Ditsaan,33,173,113,3.73
Walahir,57,239,170,4.29
Frampol,65,210,239,3.29
Santo Domingo de los Colorados,200,137,41,1.82
Wangcheng,34,143,146,4.06
Chugay,168,194,29,3.11
Qinling Jieban,162,57,123,4.43
Sol’tsy,114,10,106,3.0
Calaba,12,170,105,0.04
Shihuajian,8,117,53,3.96
Jidd Ḩafş,150,229,120,2.71
Taraš,250,147,176,0.48
Melchor Ocampo,211,117,209,4.38
Umag,16,200,57,0.41
Pulangbato,144,9,13,1.42
Hai’an,218,153,254,3.2
Chipaque,52,5,13,3.23
Leles,208,5,34,2.23
Gamawa,117,231,136,2.36
Palana,5,219,36,3.75
Entradas,32,252,123,0.96
Jin’an,143,63,118,2.08
Binulasan,141,211,89,4.63
Maba,18,60,176,4.55
Songhae,120,194,80,1.24
Nantes,204,4,230,0.58
Al Misrākh,223,25,119,4.83
Naberezhnyye Chelny,4,43,42,2.97
Kaeng Khoi,154,167,67,1.32
Dikwa,230,35,203,4.94
Ayapa,85,242,14,1.37
Phú Vang,14,182,221,1.27
Dundee,196,216,73,3.02
Sanshan,144,63,243,3.72
Sheki,250,144,195,0.2
Täby,105,77,108,1.43
Shidu,205,34,101,4.74
Linao,168,141,57,3.1
Rongxing,9,104,95,3.67
Marco,68,17,27,3.14
Água Preta,249,113,234,1.24
Dillenburg,92,25,161,3.91
Oświęcim,3,190,87,4.31
Watangan,176,199,220,0.52
Nowy Dwór Gdański,178,22,39,4.32
Härnösand,209,57,59,0.04
Kimberley,236,121,195,4.99
Ulundi,31,205,233,2.44
Gandara,98,108,240,2.48
Fundong,239,26,250,2.04
Benito Juarez,42,79,33,0.3
Aldeia do Bispo,188,40,42,4.56
Hengxi,199,200,135,0.09
Salvacion,204,201,195,4.15
Ropice,182,67,173,2.7
Jinchuan,5,71,28,0.46
Ol’ginskaya,233,29,177,2.98
La Habana Vieja,22,71,164,3.87
Svetlyy,254,187,149,3.14
Keleleng,193,228,79,0.7
Barkā’,125,90,75,1.85
Würzburg,64,96,42,3.11
Čížkovice,5,38,198,3.52
Shinpokh,3,54,198,4.53
Jaša Tomić,246,69,7,1.81
Karlobag,56,223,19,4.2
Salaš Crnobarski,148,247,159,3.25
Abovyan,184,27,42,1.56
Foundiougne,127,240,137,1.56
Siparia,77,232,83,2.31
Yantan,76,39,218,4.43
Serravalle,185,148,225,0.65
Longjumeau,241,101,181,1.4
Kanáli,170,225,207,0.76
Dongqiao,217,57,99,2.93
Catania,210,236,200,1.74
San Sebastián de Yalí,4,207,101,3.72
Panalanoy,118,181,46,1.3
Waigete,59,106,179,0.45
Hiratsuka,152,105,193,1.39
Falun,202,163,199,2.08
Baozhu,119,34,248,4.8
Peza e Madhe,27,136,174,0.89
Carolina,173,82,228,1.52
Vecumnieki,113,220,79,2.21
Caticugan,67,248,247,3.27
Daraitan,212,28,177,0.49
Ucluelet,109,87,53,2.97
Tsowkêy,106,184,108,1.78
Podsineye,61,210,252,2.16
Cedynia,18,115,88,3.55
Yangxu,196,152,154,2.96
Jatirejo,196,203,100,0.9
Gaibei,43,71,205,4.33
Peishe,219,111,61,2.61
Wadung,72,33,107,2.02
Peddie,227,193,151,3.65
Yongqin,87,74,17,1.9
Si Thep,250,246,94,2.17
Magan,220,99,209,2.18
‘Izrā,48,166,158,1.18
Meixi,139,160,90,3.44
Mayang,179,128,162,1.22
Nishinoomote,224,215,178,3.75
Ventersdorp,200,121,194,4.69
Dĩ An,63,235,27,1.92
Roanoke,133,255,248,0.76
Benito Juarez,201,169,58,1.13
Kongsvinger,47,204,134,4.33
Quebrada Larga,107,162,158,0.22
Ekimchan,26,133,80,2.34
Winston Salem,87,179,5,0.3
Viçosa do Ceará,105,127,125,2.4
Huaping,62,53,154,1.27
Qiaoxia,79,97,71,2.81
Tabant,128,188,194,3.08
Da’ao,130,241,36,1.2
Betong,226,230,207,3.18
Johnson City,65,174,247,3.04
K’olīto,225,181,250,4.71
Horgo,101,237,102,4.71
Huacapampa,212,227,226,1.29
Ribeirão Preto,113,245,42,0.08
Igbo Ora,55,170,167,2.75
Otra Banda,229,26,146,2.99
San Carlos de Bariloche,153,95,92,1.08
Dampol,118,108,21,0.9
Gagarawa,177,139,232,3.75
Gião,35,220,89,4.31
Nagpandayan,56,46,77,4.83
Santa Fe,173,156,39,3.6
Nuwara Eliya,236,3,116,4.87
Montfort-sur-Meu,204,28,49,3.31
Changxing,199,116,201,4.71
Nong Ruea,246,225,67,1.21
Turka,15,180,111,0.94
Tomay Kichwa,129,5,54,4.22
Santa Cruz,174,154,170,1.54
Loa Janan,180,130,140,4.36
Saint John,23,241,231,4.79
Claresholm,184,158,61,1.01
Gizo,237,34,11,2.95
Yingde’er,231,150,155,3.93
Curuan,184,81,17,4.69
Văn Giang,51,250,10,2.47
Montélimar,137,87,244,2.2
Maji,242,188,220,0.8
Linhu,127,244,106,2.78
Babana,112,104,176,2.76
Monjas,125,39,33,3.09
Bratislava,162,55,130,1.1
Lloydminster,244,55,7,1.79
Kłoczew,166,91,123,2.62
Fukui-shi,102,133,27,1.37
Hejiaping,246,21,204,0.62
Church End,36,57,20,4.76
Kokagax,75,136,189,2.69
Cidolog,117,242,249,0.11
Kajisara,111,205,252,1.91
Shangjie,5,86,169,4.27
Kota Kinabalu,170,210,106,0.78
Kax,30,60,37,3.33
Jianxin,165,230,43,3.77
Taocheng,110,9,104,2.22
Kiuteta,213,128,175,3.48
Saint Paul,17,196,104,1.08
Pueblo Nuevo,88,192,249,2.9
Herīs,164,180,67,2.52
Bojong,172,172,202,2.04
Getulio,94,95,160,0.42
Oklahoma City,79,110,232,0.96
Pruszków,174,214,238,0.97
Rote,188,172,30,1.87
Skórzec,50,161,199,1.04
Kobylin,233,7,226,4.13
Chinú,190,255,84,0.21
Nanterre,55,175,51,4.66
Dobrošte,11,53,2,1.54
Novaya Chigla,89,62,167,1.64
Frankfurt am Main,226,13,114,1.97
Mranggen,133,134,39,1.58
Bác Ái,77,95,254,0.66
Cisiec,213,20,48,0.72
Los Ángeles,14,8,17,0.5
Baokou,91,46,36,2.44
Lavras da Mangabeira,26,198,145,0.2
Romilly-sur-Seine,110,220,221,3.29
Hali,253,58,158,0.86
Rogóźno,195,16,76,2.88
Marondera,240,112,210,0.36
Medveditskiy,158,204,110,3.88
Sebba,251,151,178,1.18
Al Qurayshīyah,133,31,83,4.21
Mondoteko,36,158,216,2.14
Ubinskoye,5,146,220,2.23
Novominskaya,61,172,249,3.18
Krajan Kedungsalam,238,177,9,0.62
Mahābād,2,91,172,4.63
Yixi,1,157,136,4.15
Brvenica,151,102,100,2.96
Hats’avan,129,215,47,3.65
Dukuh Kaler,119,103,172,3.55
Klang,149,48,145,4.42
Donggou,180,47,47,1.0
Yuncheng,246,138,137,3.39
Izra‘,80,217,191,2.06
Stary Sącz,245,111,252,4.06
Dongxin,79,97,220,4.97
Čoka,103,168,235,3.79
La Floresta,113,64,163,2.65
Amiens,224,215,100,4.32
Obrenovac,125,169,178,1.57
Vilarinho,182,116,221,3.44
Castleknock,140,232,52,0.31
Senduro,156,15,184,0.04
Velventós,250,182,95,2.93
Ngulahan,152,104,193,0.35
Bukal,73,209,254,2.6
Krasni Okny,66,117,207,3.01
Cầu Gồ,254,37,12,3.2
Bulgan,184,28,167,3.78
Sharga,156,240,214,4.24
Sann,189,123,126,4.5
Lianhe,197,8,250,0.81
La Cuesta,73,39,117,2.56
Darong,201,173,104,3.56
Palla,62,218,209,4.1
Nonohonis,244,117,139,0.91
Santa Teresita,224,111,103,1.01
La Loma,196,143,211,2.88
Barberena,6,164,85,4.34
Herálec,162,42,123,1.95
Byerazino,102,7,81,2.73
Palmdale,201,151,22,3.72
Duut,8,83,17,0.21
São Roque,250,111,178,2.47
Liubo,189,103,114,4.26
Qianwei,73,75,106,1.84
Trà Vinh,169,80,161,3.39
Damasak,208,136,136,1.64
Liuzhi,239,189,166,4.19
Solor,96,11,185,0.58
Longjumeau,108,118,195,0.38
Johanneshov,6,49,216,4.44
Khao Kho,156,188,24,0.45
Kerkrade,144,228,64,4.81
Tarragona,178,20,8,2.1
Novallas,175,114,223,2.84
Klášter,123,158,238,1.68
Guarumal,117,15,221,3.47
Aconibe,119,76,125,2.29
Mashan,150,48,72,3.44
Blois,210,191,234,2.98
Gort,125,108,255,3.2
Mekarsari,113,162,163,3.92
Jammāl,152,62,138,0.89
Ruoqiang,174,116,143,1.28
Longwei,243,77,27,1.78
Agnibilékrou,73,193,112,0.11
Galižana,97,185,157,0.13
Sindangbarang,242,167,143,1.26
Tiniguiban,102,177,65,1.35
Quimilí,137,242,195,0.15
Busan,218,252,199,3.0
Klembivka,37,248,193,1.44
Ivyanyets,1,169,247,3.52
Noginsk-9,183,150,124,3.16
Karang Kulon,188,159,103,1.51
Tchaourou,158,17,106,2.4
Novoselë,84,184,171,4.01
Bendorubuh,15,113,77,0.76
Tugu,210,58,81,3.66
Terter,216,45,206,2.18
Mundri,242,70,182,0.12
Albany,213,220,32,2.24
Babahoyo,242,215,206,1.32
Maukaro,140,216,196,0.23
Darkton,153,134,91,4.27
Yintang,161,148,44,0.35
Cikujang,204,202,72,4.7
Sinŭiju,25,245,228,3.83
Hongwansi,17,124,62,1.46
Náousa,66,94,174,3.79
Dālbandīn,21,171,228,2.27
Papatowai,225,91,113,3.32
Borzęcin,174,15,228,0.69
Conde,36,1,21,2.77
Huiyuan,52,181,228,0.52
Jetak Kulon,232,96,4,2.28
Posedarje,80,86,142,1.11
Ifanadiana,145,82,57,3.62
Santiago De Compostela,101,203,122,4.45
New Westminster,90,42,34,0.56
Komorní Lhotka,160,72,126,3.63
Sonsorol Village,23,148,76,1.31
Bluefields,194,64,125,0.91
San Jose,230,177,193,0.37
Lianyuan,105,122,212,2.31
Ratoath,167,154,216,2.12
Jablonec nad Nisou,248,214,126,0.2
Cát Bà,32,254,190,3.01
Hamburg,57,215,38,1.68
Klatakan,159,149,82,3.78
Dārāb,191,138,109,1.89
Baitian,65,125,98,4.3
Sokol,88,25,242,0.24
Fangshan,118,246,158,1.28
Al Ḩumaydāt,174,196,172,2.87
Geyuan,61,152,55,0.07
La Paz,78,222,124,0.95
Strání,220,37,104,4.75
Tizguine,124,240,253,0.61
Bronx,9,182,97,2.98
Kafr ash Shaykh,242,125,34,2.56
Skrzydlna,132,169,17,3.47
Nereta,200,220,131,1.92
Pochinok,96,244,226,1.92
Bunder,88,215,130,3.34
Tupesy,206,89,99,3.21
Anjozorobe,179,88,175,4.83
Wijewo,230,44,216,1.23
Dadiya,98,196,20,0.55
East End,94,74,161,4.79
Kerasochóri,24,220,98,2.57
Vårgårda,213,140,178,4.09
Gondifelos,29,198,125,3.73
Cunliji,162,91,84,4.89
El Carmen,64,116,174,0.1
Xiajiashan,91,224,117,2.43
Haizigou,69,11,131,3.75
Santa Rita,228,111,215,4.93
Primorka,120,206,61,2.85
Conceição do Araguaia,88,83,198,0.93
Kota Kinabalu,198,138,17,4.58
Buganda,214,155,150,1.7
Créteil,72,166,54,0.24
Sobrosa,220,28,13,3.27
San Isidro,20,5,143,4.62
Kuzhu,170,167,10,2.58
Chashan,174,31,20,4.0
Bafoussam,159,20,242,3.93
Quinua,96,207,38,0.78
Rufino,205,248,242,0.8
Mhamid,181,214,85,3.84
Anibare,106,4,214,4.15
Taoyuan,68,18,194,1.74
Xiamao,63,229,255,0.47
Qishui,3,251,122,2.32
Havířov,97,227,247,2.81
Vavozh,103,65,44,2.82
Fenghua,9,14,87,4.59
Trat,219,147,241,1.88
Busilak,64,31,133,3.29
Batouri,26,207,3,2.68
Four Cross Roads,228,60,106,4.17
Yunchi,45,17,67,4.23
Lappeenranta,194,27,187,4.91
Gävle,120,184,121,0.55
Saurimo,124,210,63,2.81
München,179,115,226,4.15
Zašová,125,190,14,0.45
Ervedosa do Douro,60,170,155,4.66
Millau,91,195,138,1.94
Taen Tengah,244,173,32,4.74
Toulon,126,45,204,3.79
Delães,198,126,175,2.19
Kangaslampi,118,22,40,3.22
Lena,34,91,107,1.41
Aygavan,195,159,25,1.53
Aimin,10,48,10,2.18
Huangdimiao,45,194,49,1.83
Scranton,13,231,9,1.69
Al Maḩfid,105,188,132,3.67
Putrajaya,228,3,51,4.1
Libouchec,138,199,245,0.51
Железный порт,75,108,220,4.59
Portelinha,110,127,60,4.33
Pasararba,146,10,252,0.59
Huagai,186,246,254,4.82
Shiye,209,39,75,1.81
Zhanjia,226,66,211,2.84
Zhouxi,62,87,70,1.32
Jinanten,71,110,89,4.04
Suyo,244,240,208,1.73
El Mirador,147,68,33,4.41
Sarrat,57,129,222,2.43
Sîr ed Danniyé,110,168,23,0.91
Banjar Kubu,114,67,26,2.17
Sakai-nakajima,150,66,84,0.22
Thành Phố Phủ Lý,115,212,80,1.94
Eiguliai,106,82,149,4.35
Buzdyak,79,67,73,4.46
Tendō,167,222,72,2.14
Cabra Figa,252,108,158,2.86
Kelungkung,24,249,207,1.84
Venâncio Aires,194,243,97,3.41
Mao,212,111,117,0.12
Naḥf,186,14,100,3.23
Pesisir,85,9,80,0.69
Paombong,247,119,236,2.56
Tchaourou,211,253,163,0.07
København,152,112,60,2.7
Kembangkerang Lauk Timur,126,104,37,1.08
Paris 18,84,93,13,0.8
Jbaïl,125,231,141,4.56
Vale da Pedra,217,134,87,1.77
Castanheiro do Sul,99,126,159,3.07
Dawe,232,157,239,3.6
Āgaro,65,217,160,1.84
Ji’an,55,139,221,0.65
Tertek,84,236,5,0.56
Cardona,109,252,228,4.08
Muqi,47,217,236,2.9
Bamusso,238,65,73,0.35
Ínfias,63,238,244,1.48
Khotiv,179,46,132,4.51
Milton,166,43,206,1.84
Blagoveshchensk,14,128,126,0.15
Chiang Khan,122,107,203,3.39
Mlawat,73,157,130,3.33
Kruševica,109,50,13,1.92
Thanh Xuân,89,168,240,2.24
Bujaków,230,255,248,1.16
La Rochelle,86,212,226,1.33
Oefau,224,233,96,2.45
Lugovskoy,215,24,51,0.8
Calubcub Dos,234,236,238,2.51
Dopang,166,102,228,4.53
Monkey Hill,195,148,160,0.02
Comilla,147,22,207,4.07
Velikooktyabr’skiy,17,151,203,4.81
Huangtugang,133,139,165,0.24
Yabuli,214,181,74,0.18
Rungis,4,42,221,2.04
Tlutup,21,155,215,4.16
Kota Kinabalu,53,236,53,1.01
Campos do Jordão,98,159,140,4.63
Camp Diable,154,63,223,4.95
Xiaping,195,238,61,0.96
Jiefangyan,43,197,202,2.47
Xiachu,121,144,150,3.48
Apatin,80,134,75,1.58
Cabeças Verdes,105,98,183,4.99
Vallenar,167,33,123,2.03
Sokodé,43,154,159,2.42
Dongjiao,217,31,189,1.51
Nogoonnuur,97,175,69,1.1
Reston,42,122,20,2.72
Erdaohe,33,143,216,2.91
Muara Dua,203,45,24,0.31
Chengxiang,98,114,154,1.66
Mesiméri,244,89,160,3.78
Fanrong,47,171,157,1.14
Rivadavia,125,61,103,2.0
Várzea,170,16,20,2.82
Puyang,45,83,153,4.26
Tarica,128,30,1,3.9
Poříčí nad Sázavou,127,76,219,1.49
Gandapura,199,225,214,4.14
Bengga,243,67,120,3.07
Três Pontas,118,157,53,2.46
Fria,124,125,229,4.48
Lojejerkrajan,10,122,90,3.56
Boyu,228,89,98,0.68
Dal’neye Konstantinovo,204,209,50,1.75
Novyy Svit,131,183,241,4.68
Marčelji,120,17,228,2.02
Sumbergedong,243,240,164,1.9
Dengmingsi,70,104,98,2.04
El Tejocote,221,230,197,4.41
Tortosa,247,73,97,1.23
Cape Coast,78,52,121,0.64
Bayt Ūlā,22,107,39,1.31
Pouso Alegre,115,172,73,2.66
Lamawan,209,60,185,2.84
Hāsilpur,14,230,29,3.09
El Calvario,54,57,63,2.21
Dubti,207,244,178,4.93
Nunchía,248,70,221,2.08
Pofadder,24,44,191,1.48
Łobżenica,164,66,41,0.58
Sterlitamak,127,108,178,4.95
Los Angeles,24,76,229,0.92
Sukamaju,20,91,110,4.81
Shchastya,251,2,7,3.1
Zhongzhai,177,91,69,2.5
"Palmas De Gran Canaria, Las",120,35,93,4.24
Longquan,154,14,191,3.96
Norrköping,49,171,34,3.91
Gaoqiaolou,210,129,139,4.47
Wates,9,159,219,1.67
Västra Frölunda,62,223,99,4.61
Bellavista,87,22,72,3.96
Solna,22,149,70,2.77
Pangkalan Kasai,106,201,73,4.88
Lin’an,215,76,121,1.2
João Pinheiro,28,119,224,0.02
Mafang,113,198,244,2.57
Shunde,214,48,203,3.27
Cikawunggading,43,56,222,3.5
Marija Bistrica,39,157,213,1.97
Magangué,185,241,87,4.82
Rāwandūz,175,179,204,1.81
Jingguan,99,33,250,4.1
Greensboro,64,250,2,2.16
Floresta,60,89,193,2.09
Guariba,125,52,215,0.41
Rentung,173,23,200,0.18
Piotrków Kujawski,177,13,144,0.33
San Pedro One,234,200,218,4.81
Yamrat,239,199,94,2.35
Shuanglongchang,188,33,222,2.07
Taloqan,193,244,23,2.36
Denver,102,75,203,2.98
Jarošov nad Nežárkou,111,104,149,4.88
Osório,222,135,101,3.4
Zwolle,203,76,45,1.36
Bengtsfors,168,73,147,0.08
Viljoenskroon,131,93,249,1.77
Viļaka,90,186,180,0.25
Uttaradit,151,250,178,0.46
Austin,178,205,127,0.22
Macau,245,117,117,0.64
Cibojong,199,121,42,4.21
Henghe,140,194,167,0.88
Morada Nova,237,37,152,1.62
San Martín Zapotitlán,204,1,27,0.62
Aragua de Barcelona,204,220,22,0.34
Yangjiao,192,19,105,4.62
Vällingby,204,72,112,4.83
Maţāy,73,5,170,3.84
Koba,141,154,184,2.37
Adjumani,66,32,119,0.42
Ndendé,17,165,115,3.1
Bay Roberts,148,36,223,1.38
Ketangi,6,216,184,3.2
Ankou,181,255,197,3.93
Hazlov,131,13,135,3.56
Visby,197,139,182,0.67
Victoria,88,241,112,2.72
Heshui,162,196,198,3.96
Washington,2,19,179,4.52
Luga,184,67,3,0.07
Takum,70,12,3,4.95
Camrose,237,217,105,3.0
Kawanishi,60,87,114,0.45
Piedade,115,129,236,0.22
Höviyn Am,221,116,207,2.7
Pucheng,120,39,90,0.64
Cahuacho,20,253,178,3.67
Sanfang,33,9,39,1.49
Lashkar Gāh,209,232,130,2.45
Loureiro,27,50,245,3.56
Kommunar,4,77,125,3.27
Álvares Machado,166,233,252,4.83
Sandaogou,200,164,111,0.15
Dacheng,217,121,125,0.94
Yong’an,199,230,181,4.88
Paobokol,47,6,83,3.38
Dabbūrīya,75,143,69,0.49
Salcedo,209,201,171,0.77
Liurenba,138,202,21,0.65
Quisqueya,207,58,236,3.0
Odeleite,203,102,71,2.8
Ledeč nad Sázavou,135,200,227,4.54
Zarichne,24,80,203,0.87
Al ‘Alamayn,238,207,134,3.04
Rundeng,51,102,89,1.61
Istres,207,46,215,2.03
Plalar,69,220,217,3.54
Jaffna,87,92,45,1.52
Pontalina,112,190,169,3.35
Eslāmābād,195,237,230,1.53
Linköping,149,68,91,4.54
An Châu,152,185,118,2.31
El Cortezo,58,114,98,3.04
Shankill,165,14,253,3.3
Pobral,133,194,36,4.05
Washington,152,139,121,2.86
Chang’an,132,85,173,2.15
Pilar,201,123,65,1.98
Monte-Carlo,86,67,49,0.98
Fenais da Luz,16,115,49,4.31
Rurrenabaque,105,95,124,3.1
Goczałkowice Zdrój,87,149,224,2.59
Tío Pujio,251,245,253,3.09
Bojonglarang,30,105,61,3.3
Bantardawa,221,109,26,4.94
Krajan Dua Putukrejo,50,246,240,1.49
Chinchiná,175,91,163,1.25
Azurduy,67,109,127,4.47
Baidoa,108,156,96,1.97
Živinice,100,85,153,2.7
Citambal,72,134,102,3.46
Gabi,102,205,76,4.07
Karlstad,197,16,50,4.61
Da’ao,232,195,65,3.44
Yiyang,123,74,181,2.84
Sumberkemuning,164,90,73,3.22
Villefranche-sur-Saône,175,26,83,2.87
Hexi,75,226,155,2.16
Baiheshan,89,63,114,4.12
San José de las Lajas,72,115,22,0.76
Saguiaran,141,81,215,2.65
Oued Zem,37,113,186,4.19
Zhujiaqiao,49,49,212,3.13
Linares,27,218,46,1.36
Baltiysk,206,27,78,4.12
Borzna,39,48,238,3.86
Obolo-Eke (1),175,224,151,4.42
Bumba,159,22,11,1.64
Magdalena,47,60,94,0.63
Kanuma,224,111,224,3.68
Koror,26,195,83,4.12
Vanadzor,58,141,113,3.33
Kudang,243,2,222,2.1
Järna,72,6,138,0.9
Amsterdam Oud Zuid en Rivierenbuurt,169,135,192,2.59
Puwa,133,237,15,2.28
Arendal,195,123,120,0.2
Mokronog,101,151,19,3.53
